,검색한 곳,검색어,링크,비고,링크,
1,naver,네일 색상,https://blog.naver.com/1hello2/224043783015?isInf=true,자석 네일,https://bit.ly/3M1LE2H,블로그
2,naver,네일,https://blog.naver.com/1hello2/224072803343?,1과 동일블로거(블로그 글 검색기능에 네일검색),https://bit.ly/4pf0mC6,블로그
3,naver,네일 색상 내돈내산,https://cafe.naver.com/poohstory/237802?art=ZXh0ZXJuYWwtc2VydmljZS1uYXZlci1zZWFyY2gtY2FmZS1wcg.eyJhbGciOiJIUzI1NiIsInR5cCI6IkpXVCJ9.eyJjYWZlVHlwZSI6IkNBRkVfVVJMIiwiY2FmZVVybCI6InBvb2hzdG9yeSIsImFydGljbGVJZCI6MjM3ODAyLCJpc3N1ZWRBdCI6MTc2MzEwODg1Mzc2MH0.GiLoL4uPC6ZZjkCZON6lyZ9GtA_qJb1qPOrwNqT0bko,시럽 화이트톤 연장 네일,https://bit.ly/4hVMdaa,네이버 카페
4,naver,네일 디자인 특징,https://blog.naver.com/fly_jian/223814749368,미러파우더 네일 디자인과 특징,https://bit.ly/484R7xo,블로그
5,naver,네일 디자인 특징,https://blog.naver.com/sampeatent44/223632458256,별자리네일 디자인과 특징,https://bit.ly/440cbUi,블로그
6,naver,네일 디자인 특징,https://blog.naver.com/blackholecd/224002133423,가을네일 디자인과 특징,https://bit.ly/3LCsVe5,블로그
7,naver,네일 디자인 특징,https://blog.naver.com/johappy1128/223918324882,"특징, 컬러, TPO, 추천대상, 한 줄요약.",https://bit.ly/4pgdjLX,블로그
8,naver,네일 디자인 특징,https://blog.naver.com/johappy1128/224071624810,낙서한 듯 귀여운 네일,https://bit.ly/3LwYINB,블로그
9,naver,네일 디자인 특징,https://blog.naver.com/johappy1128/224064810190,도트네일,https://bit.ly/3LCtiW1,블로그
10,naver,네일 디자인 특징,https://blog.naver.com/johappy1128/224049164282,가을에 어울리는 와인 네일 디자인 7선,https://m.site.naver.com/1VyRQ,블로그
11,naver,네일 디자인 특징,https://blog.naver.com/johappy1128/224056993508?,직장인 데일리 네일 디자인 9,https://m.site.naver.com/1VySN,블로그
12,naver,네일 디자인 특징,https://blog.naver.com/PostView.naver?blogId=johappy1128&logNo=224038909544&referrerCode=0&searchKeyword=%EB%84%A4%EC%9D%BC,그림 속 꽃을 닮은 가을 플라워 네일 6선,https://m.site.naver.com/1Vz2k,블로그
13,naver,네일 디자인 특징,https://blog.naver.com/PostView.naver?blogId=johappy1128&logNo=223872338415&referrerCode=0&searchKeyword=%EB%84%A4%EC%9D%BC,플라워 감성 디자인 네일 5가지,https://m.site.naver.com/1Vz34,블로그
14,naver,네일 디자인 tpo,https://blog.naver.com/cmbeauty-campusmento/223900352083,여름 tpo별 추천네일아트와 코디제안,https://m.site.naver.com/1VA7i,블로그
15,naver,(알고리즘 추천),https://blog.naver.com/levely3294/224061075789?isInf=true,연말을 특별하게 만들어 줄 겨울네일아트 BEST,https://m.site.naver.com/1VExk,블로그
16,google,네일아트 TPO별,https://blog.naver.com/powderroom_magazine/223720384900,연말 시즌 T.P.O별 셀프네일 추천 리스트,https://m.site.naver.com/1VEzw,블로그
17,google,네일아트 tpo 디자인 특징,https://blog.naver.com/doublesholdings/222838033893,형광 네온 네일아트(여름 시즌),https://m.site.naver.com/1VEBL,블로그
18,naver,"네일별 색 , 디자인, 글리터",https://blog.naver.com/dearjiy/223584149330,"가을 네일 디자인 (웜톤, 컬러색, 원컬러, 가격)",https://m.site.naver.com/1VEE2,블로그
19,naver,"네일별 색 , 디자인, 글리터, 톤",https://nailderella.com/%EA%B9%94%EB%81%94%ED%95%9C-%EC%97%AC%EB%A6%84-%EC%A0%A4%EB%84%A4%EC%9D%BC-%EC%9B%90%EC%BB%AC%EB%9F%AC-%EC%B6%94%EC%B2%9C-10%EA%B0%80%EC%A7%80/,깔끔한 여름 젤네일 원컬러 추천 10가지,https://m.site.naver.com/1VEIA,
20,naver,쿨톤 웜톤별 네일,https://ksg30152.tistory.com/entry/%EC%9B%9C%ED%86%A4%C2%B7%EC%BF%A8%ED%86%A4%EB%B3%84-%EC%8B%A4%ED%8C%A8-%EC%97%86%EB%8A%94-%EB%84%A4%EC%9D%BC-%EC%BB%AC%EB%9F%AC-%EC%A1%B0%ED%95%A9-%ED%8C%81,웜톤·쿨톤별-실패-없는-네일-컬러-조합-팁,https://m.site.naver.com/1VEKf,티스토리
21,,,,,,
22,,,,,,
